INSERT IGNORE INTO customers (id, name, email) VALUES
  (1, 'Cliente Teste', 'cliente@teste.com');

INSERT IGNORE INTO movies (id, name, duration_min) VALUES
  (1, 'Interestelar', 169),
  (2, 'Homem-Aranha: Através do Aranhaverso', 140),
  (3, 'Duna: Parte Dois', 166),
  (4, 'Divertida Mente 2', 96);

INSERT IGNORE INTO rooms (id, name, capacity) VALUES
  (1, 'Room 1', 40),
  (2, 'Room 2', 30);

INSERT IGNORE INTO seats (id, room_id, seat_row, seat_number) VALUES
  (1, 1, 'A', 1), (2, 1, 'A', 2), (3, 1, 'A', 3), (4, 1, 'A', 4), (5, 1, 'A', 5), (6, 1, 'A', 6), (7, 1, 'A', 7), (8, 1, 'A', 8),
  (9, 1, 'B', 1), (10, 1, 'B', 2), (11, 1, 'B', 3), (12, 1, 'B', 4), (13, 1, 'B', 5), (14, 1, 'B', 6), (15, 1, 'B', 7), (16, 1, 'B', 8),
  (17, 1, 'C', 1), (18, 1, 'C', 2), (19, 1, 'C', 3), (20, 1, 'C', 4), (21, 1, 'C', 5), (22, 1, 'C', 6), (23, 1, 'C', 7), (24, 1, 'C', 8),
  (25, 1, 'D', 1), (26, 1, 'D', 2), (27, 1, 'D', 3), (28, 1, 'D', 4), (29, 1, 'D', 5), (30, 1, 'D', 6), (31, 1, 'D', 7), (32, 1, 'D', 8),
  (33, 1, 'E', 1), (34, 1, 'E', 2), (35, 1, 'E', 3), (36, 1, 'E', 4), (37, 1, 'E', 5), (38, 1, 'E', 6), (39, 1, 'E', 7), (40, 1, 'E', 8),
  (41, 2, 'A', 1), (42, 2, 'A', 2), (43, 2, 'A', 3), (44, 2, 'A', 4), (45, 2, 'A', 5), (46, 2, 'A', 6),
  (47, 2, 'B', 1), (48, 2, 'B', 2), (49, 2, 'B', 3), (50, 2, 'B', 4), (51, 2, 'B', 5), (52, 2, 'B', 6),
  (53, 2, 'C', 1), (54, 2, 'C', 2), (55, 2, 'C', 3), (56, 2, 'C', 4), (57, 2, 'C', 5), (58, 2, 'C', 6),
  (59, 2, 'D', 1), (60, 2, 'D', 2), (61, 2, 'D', 3), (62, 2, 'D', 4), (63, 2, 'D', 5), (64, 2, 'D', 6),
  (65, 2, 'E', 1), (66, 2, 'E', 2), (67, 2, 'E', 3), (68, 2, 'E', 4), (69, 2, 'E', 5), (70, 2, 'E', 6);

INSERT IGNORE INTO movie_sessions (id, movie_id, room_id, start_time, price) VALUES
  (1, 1, 1, '2026-06-02 18:30:00', 34.90),
  (2, 1, 1, '2026-06-02 21:30:00', 39.90),
  (3, 2, 2, '2026-06-02 17:00:00', 29.90),
  (4, 2, 2, '2026-06-03 20:00:00', 32.90),
  (5, 3, 1, '2026-06-03 19:30:00', 39.90),
  (6, 4, 2, '2026-06-04 16:00:00', 24.90);
